Gene,IsJCGA,MutationPercentage
TP53,True,57.14
RB1,True,16.48
ATRX,True,12.09
TTN,False,10.99
MUC16,False,8.79
RYR1,False,6.59
FCGBP,False,6.59
PKHD1L1,False,6.59
USH2A,False,6.59
MUC17,False,5.49
DISP3,False,5.49
UNC13C,False,5.49
PCLO,False,5.49
LRP1B,False,5.49
LRP2,False,5.49
SCN2A,False,5.49
RP1,False,5.49
AHNAK,False,5.49
ACAN,False,4.4
MAP3K9,False,4.4
CHL1,False,4.4
CUBN,False,4.4
EPB41L4A,False,4.4
SMARCAL1,False,4.4
CSMD1,False,4.4
KIAA1549,True,4.4
DNAH8,False,4.4
DNAH7,False,4.4
ARFGEF1,False,4.4
DMD,False,4.4
MDN1,False,4.4
ARAP2,False,4.4
MACF1,False,4.4
FREM2,False,4.4
PTEN,True,4.4
ZNF831,False,4.4
SHANK2,False,4.4
NOS1,False,4.4
ATR,True,4.4
ARHGAP27,False,3.3
PCNX2,False,3.3
KNTC1,False,3.3
SCN9A,False,3.3
PHLDB2,False,3.3
PHKB,False,3.3
CACNA1H,False,3.3
URB2,False,3.3
LAMA5,False,3.3
SPTBN4,False,3.3
AHNAK2,False,3.3
ATM,True,3.3
KNDC1,False,3.3
PCDHB3,False,3.3
SCN1A,False,3.3
GABRR1,False,3.3
SACS,False,3.3
RYR2,False,3.3
CYP4F2,False,3.3
LRRIQ3,False,3.3
ADGRV1,False,3.3
SULF1,False,3.3
DMXL1,False,3.3
ZFPM2,False,3.3
TRIOBP,False,3.3
ARHGAP31,False,3.3
BNC1,False,3.3
BOD1L1,False,3.3
ARHGAP33,False,3.3
HYDIN,False,3.3
APOB,False,3.3
WRAP53,False,3.3
WWC1,False,3.3
BCL9,False,3.3
PTPRS,False,3.3
ELOA,False,3.3
BAHCC1,False,3.3
KCNA1,False,3.3
TMCO6,False,3.3
C14orf39,False,3.3
RAD54L2,False,3.3
DOCK8,False,3.3
DOCK2,False,3.3
PKP4,False,3.3
SEC24D,False,3.3
DNAH9,False,3.3
ASTN1,False,3.3
PIK3CA,True,3.3
DNAH5,False,3.3
BRCA2,True,3.3
ESPL1,False,3.3
PHRF1,False,3.3
NUAK1,False,3.3
OTOGL,False,3.3
NCKAP5L,False,3.3
OR8D1,False,3.3
TENM1,False,3.3
NAV3,False,3.3
ADAMTS17,False,3.3
NRXN1,False,3.3
ADAM30,False,3.3
THOC2,False,3.3
MYH2,False,3.3
MYH7,False,3.3
COL4A1,False,3.3
CFAP74,False,3.3
TIE1,False,3.3
CNR1,False,3.3
CNTNAP5,False,3.3
CEP152,False,3.3
MYH1,False,3.3
TNRC18,False,3.3
MTUS2,False,3.3
THADA,False,3.3
CENPE,False,3.3
ABCA13,False,3.3
CTNNA2,False,3.3
PARP14,False,3.3
NF1,True,3.3
FAM91A1,False,2.2
TICRR,False,2.2
SIK3,False,2.2
F5,False,2.2
CHRD,False,2.2
SLC30A9,False,2.2
SLC12A3,False,2.2
EPC2,False,2.2
EPHA7,False,2.2
CFH,False,2.2
FAM122B,False,2.2
ERICH3,False,2.2
CHD7,False,2.2
F13A1,False,2.2
SLC22A14,False,2.2
EXPH5,False,2.2
SLC2A2,False,2.2
SLC22A8,False,2.2
ERAS,False,2.2
THSD7B,False,2.2
FAT2,False,2.2
ERBB4,True,2.2
SLC24A4,False,2.2
EVPL,False,2.2
ETV5,True,2.2
CHERP,False,2.2
SFSWAP,False,2.2
FAT4,False,2.2
SCN5A,False,2.2
CEP250,False,2.2
FRMD1,False,2.2
CEP192,False,2.2
CEP131,False,2.2
CENPU,False,2.2
FRMPD2,False,2.2
TLN2,False,2.2
CENPH,False,2.2
CFAP206,False,2.2
FRY,False,2.2
TLR2,False,2.2
CELSR3,False,2.2
CELSR1,False,2.2
GAD2,False,2.2
GALNTL6,False,2.2
CEL,False,2.2
FRAS1,False,2.2
FOXO4,False,2.2
CEP290,False,2.2
SEC16B,False,2.2
FBLN1,False,2.2
TJP1,False,2.2
FBN1,False,2.2
FBN3,False,2.2
SGO2,False,2.2
SLC44A5,False,2.2
TJP2,False,2.2
SEZ6,False,2.2
FCHSD1,False,2.2
SETD1A,False,2.2
FDPS,False,2.2
FDXACB1,False,2.2
CEP350,False,2.2
SEPTIN4,False,2.2
FLG,False,2.2
CHRFAM7A,False,2.2
SUSD3,False,2.2
CHRNA4,False,2.2
TBKBP1,False,2.2
DENND4A,False,2.2
SRRM2,False,2.2
DGKG,False,2.2
CRNN,False,2.2
DIAPH2,False,2.2
SPTBN5,False,2.2
TAB1,False,2.2
SPTAN1,False,2.2
CRB1,False,2.2
DLGAP1,False,2.2
DLGAP2,False,2.2
COPS4,False,2.2
COMP,False,2.2
COL6A3,False,2.2
RUNX1T1,False,2.2
COL5A3,False,2.2
COL4A6,False,2.2
SSH1,False,2.2
SSH3,False,2.2
CRY1,False,2.2
CTC1,False,2.2
CUL4B,False,2.2
CTNND1,False,2.2
CYP11B2,False,2.2
STYXL2,False,2.2
STT3A,False,2.2
STOML2,False,2.2
SYCP2,False,2.2
DAB2,False,2.2
CRYBG1,False,2.2
DBF4,False,2.2
DCHS1,False,2.2
SYMPK,False,2.2
CSPG5,False,2.2
STAB2,False,2.2
DDX23,False,2.2
DDX60,False,2.2
SPPL2C,False,2.2
DNAH10,False,2.2
ELAC2,False,2.2
DNAH17,False,2.2
SOAT2,False,2.2
DTX4,False,2.2
DYNC2H1,False,2.2
SMG1,False,2.2
TENM2,False,2.2
ECT2,False,2.2
EEF1AKMT4-ECE2,False,2.2
EEF1G,False,2.2
EFCAB13,False,2.2
EFCAB6,False,2.2
EFHC2,False,2.2
EFL1,False,2.2
TEP1,False,2.2
CUL1,False,2.2
SLC7A14,False,2.2
CLASRP,False,2.2
SLC6A7,False,2.2
DROSHA,False,2.2
CLNK,False,2.2
DOP1B,False,2.2
CNOT1,False,2.2
COL22A1,False,2.2
DNAH2,False,2.2
DNAH3,False,2.2
COL12A1,False,2.2
COL11A2,False,2.2
SPHKAP,False,2.2
SPEF2,False,2.2
CNGA3,False,2.2
TECTA,False,2.2
DNM1,False,2.2
SPECC1,False,2.2
DNMT1,True,2.2
DNMT3A,True,2.2
DOC2A,False,2.2
TDRD6,False,2.2
DOCK6,False,2.2
SLC9A9,False,2.2
HEPACAM2,False,2.2
GATAD2A,False,2.2
PAM,False,2.2
LRRN2,False,2.2
LTBP4,False,2.2
PBRM1,True,2.2
LY75,False,2.2
LYST,False,2.2
MAGEB6B,False,2.2
MAGEC1,False,2.2
MAGED1,False,2.2
MAGI2,False,2.2
PARN,False,2.2
MAP2,False,2.2
OR5M10,False,2.2
PACS2,False,2.2
MAP9,False,2.2
MAPK8IP3,False,2.2
OTOP3,False,2.2
OR8G5,False,2.2
OR7E24,False,2.2
MCF2,False,2.2
OR7C1,False,2.2
MDM2,True,2.2
MED12L,False,2.2
LRRK2,False,2.2
LRRC59,False,2.2
PCDH9,False,2.2
LRRC17,False,2.2
KMT2D,True,2.2
PI4KA,False,2.2
KNL1,False,2.2
PHLPP2,False,2.2
PHKA2,False,2.2
PHF21B,False,2.2
PFKFB4,False,2.2
KSR1,False,2.2
LAMA1,False,2.2
LAMB4,False,2.2
LATS2,True,2.2
LEO1,False,2.2
PCNT,False,2.2
LHX8,False,2.2
LIG4,False,2.2
LINGO1,False,2.2
PCDHGB4,False,2.2
PCDHB14,False,2.2
LPIN2,False,2.2
PCDHA4,False,2.2
PCDHA2,False,2.2
OR5T2,False,2.2
AARS2,False,2.2
PIAS1,False,2.2
NPC1L1,False,2.2
MYH10,False,2.2
MYH11,False,2.2
MYH8,False,2.2
MYO10,False,2.2
NUP205,False,2.2
MYO18B,False,2.2
MYO3B,False,2.2
MYO9A,False,2.2
NTSR1,False,2.2
NCKAP1L,False,2.2
NPAS3,False,2.2
MEST,False,2.2
NCOR2,False,2.2
NPAP1,False,2.2
NOTCH4,False,2.2
NOTCH3,True,2.2
NOS2,False,2.2
NOP9,False,2.2
NOC4L,False,2.2
NLRP9,False,2.2
NLRP1,False,2.2
NLRC3,False,2.2
OBSCN,False,2.2
OLFM3,False,2.2
MTUS1,False,2.2
OR10Z1,False,2.2
MET,True,2.2
OR5AP2,False,2.2
MGAT4C,False,2.2
MGAT5B,False,2.2
MICAL3,False,2.2
OR52L1,False,2.2
OR51G1,False,2.2
MKI67,False,2.2
MKRN3,False,2.2
OR51E1,False,2.2
OR4S1,False,2.2
OR2T8,False,2.2
OR2T33,False,2.2
MMS22L,False,2.2
OR2M3,False,2.2
MORC3,False,2.2
MOV10,False,2.2
OR1S2,False,2.2
MROH2B,False,2.2
MST1R,True,2.2
MTFR1,False,2.2
KMT2C,True,2.2
PIGN,False,2.2
RTF1,False,2.2
HRNR,False,2.2
RABGAP1L,False,2.2
HIRA,False,2.2
QRICH2,False,2.2
PZP,False,2.2
HNF1B,False,2.2
HNF4A,False,2.2
PUS7,False,2.2
PTPRZ1,False,2.2
PTPRU,False,2.2
PTPRM,False,2.2
PTPRK,True,2.2
IKZF3,False,2.2
PTK2,False,2.2
PTH2R,False,2.2
HTT,False,2.2
HUWE1,False,2.2
PTCHD1,False,2.2
PTCH1,True,2.2
ICE2,False,2.2
PSTPIP2,False,2.2
IGF2BP1,False,2.2
PSG1,False,2.2
HERC2,False,2.2
HERC1,False,2.2
HDC,False,2.2
HCK,False,2.2
RSPH4A,False,2.2
RREB1,False,2.2
GIN1,False,2.2
RPL5,False,2.2
RPGRIP1,False,2.2
RLIM,False,2.2
GPALPP1,False,2.2
GPR135,False,2.2
RIMS1,False,2.2
RHPN2,False,2.2
GRAMD4,False,2.2
RGMA,False,2.2
GRIA1,False,2.2
GRIN3A,False,2.2
RELN,False,2.2
RBM15,False,2.2
RBFOX1,False,2.2
RBBP7,False,2.2
RBBP6,True,2.2
RASAL2,False,2.2
RASA3,False,2.2
PSD2,False,2.2
PROSER1,False,2.2
KLRC3,False,2.2
KIF16B,False,2.2
KDM4B,False,2.2
KDM5C,True,2.2
PLOD2,False,2.2
KDR,True,2.2
PLEKHO2,False,2.2
PLEKHG5,False,2.2
KIAA1217,False,2.2
PLEC,False,2.2
PLCG1,False,2.2
PLCE1,False,2.2
PLCB1,False,2.2
PRKG1,False,2.2
KIF1A,False,2.2
KIF1B,True,2.2
KIF20A,False,2.2
KIF24,False,2.2
PKHD1,False,2.2
PKDREJ,False,2.2
PKD1,False,2.2
PIWIL3,False,2.2
KLKB1,False,2.2
PIGQ,False,2.2
PLPPR2,False,2.2
PLXNA1,False,2.2
KCNV1,False,2.2
KCNK10,False,2.2
PRKDC,False,2.2
ING2,False,2.2
PRKD3,False,2.2
PRKCE,False,2.2
PRIMPOL,False,2.2
INTS6L,False,2.2
IQCH,False,2.2
IQGAP1,False,2.2
PPP1R3A,False,2.2
ITGB4,False,2.2
PPP1R26,False,2.2
PPP1R16A,False,2.2
ITPR3,False,2.2
JAG1,False,2.2
PPFIA1,False,2.2
KALRN,False,2.2
KANSL1,False,2.2
POLE,True,2.2
KCNB2,False,2.2
KCNC2,False,2.2
PNPT1,False,2.2
TMC6,False,2.2
ZW10,False,2.2
TSPEAR,False,2.2
TRPM2,False,2.2
TRIM11,False,2.2
TRIM26,False,2.2
AFF2,False,2.2
AFM,False,2.2
ZNF236,False,2.2
CACNA1F,False,2.2
CACNA1E,False,2.2
TRPA1,False,2.2
AGTR1,False,2.2
TRPM4,False,2.2
TTC37,False,2.2
C5,False,2.2
C3,False,2.2
AKAP12,False,2.2
AKAP4,False,2.2
ZMYM4,False,2.2
ALAS2,False,2.2
ALMS1,False,2.2
ALOX12B,True,2.2
TTC3,False,2.2
CAMTA1,False,2.2
ZNF281,False,2.2
ADGRG3,False,2.2
ADGRG2,False,2.2
ACSL4,False,2.2
ZNF462,False,2.2
ZNF454,False,2.2
TOX3,False,2.2
CCDC105,False,2.2
ADAMTS20,False,2.2
ADAMTS6,False,2.2
ADAMTSL2,False,2.2
ADAMTSL3,False,2.2
TPH2,False,2.2
CASP4,False,2.2
ZNF391,False,2.2
ZNF385B,False,2.2
TRANK1,False,2.2
ADGRA1,False,2.2
ADGRB3,False,2.2
ZNF324B,False,2.2
ADGRF3,False,2.2
ADGRF5,False,2.2
ZFYVE9,False,2.2
ALPL,False,2.2
TNC,False,2.2
ARHGEF28,False,2.2
UNC13A,False,2.2
UNC79,False,2.2
ATRN,False,2.2
USF3,False,2.2
ATP8A1,False,2.2
ARHGAP32,False,2.2
ARHGEF15,False,2.2
WDR36,False,2.2
USP28,False,2.2
WDFY3,False,2.2
ALS2CL,False,2.2
ATP2B1,False,2.2
VPS35L,False,2.2
VPS16,False,2.2
ASH1L,False,2.2
VPS13B,False,2.2
ASPN,False,2.2
VPS13A,False,2.2
ASXL2,False,2.2
VIL1,False,2.2
UGT3A2,False,2.2
WIPF1,False,2.2
WNK3,False,2.2
XAB2,False,2.2
BRSK2,False,2.2
BRINP1,False,2.2
ZDBF2,False,2.2
ANK3,False,2.2
ANKMY1,False,2.2
BRD2,False,2.2
TUBGCP3,False,2.2
ANKRD17,False,2.2
TUT7,False,2.2
ZBTB3,False,2.2
ZAN,False,2.2
ANO4,False,2.2
ANXA1,False,2.2
BCORL1,True,2.2
BCOR,True,2.2
AP2A1,False,2.2
BBS4,False,2.2
AP3B2,False,2.2
AP3D1,False,2.2
TNR,False,2.2
VIPR1,False,2.2
ABCB4,False,2.2
ABCA5,False,2.2
AC100868.1,False,2.2
CDH10,False,2.2
TMEM132D,False,2.2
CD163,False,2.2
ZNF777,False,2.2
ABCF1,False,2.2
ACACB,False,2.2
ZNF804B,False,2.2
XYLT2,False,1.1
POLR3H,False,1.1
PPM1D,False,1.1
PPM1B,False,1.1
PPIL6,False,1.1
PPIAL4G,False,1.1
POGK,False,1.1
XKRX,False,1.1
PPFIBP2,False,1.1
PPFIBP1,False,1.1
YARS1,False,1.1
POLG,False,1.1
PPFIA3,False,1.1
XPNPEP2,False,1.1
POLN,False,1.1
POLR1G,False,1.1
NPBWR2,False,1.1
POLR2A,False,1.1
PPAT,False,1.1
POU6F1,False,1.1
PPM1H,False,1.1
POU5F2,False,1.1
POLR3B,False,1.1
POU3F2,False,1.1
POLR3C,False,1.1
POTEF,False,1.1
PORCN,False,1.1
XPO5,False,1.1
POM121C,False,1.1
ZNF804A,False,1.1
PPP1R15B,False,1.1
PPP1R13B,False,1.1
PPP1R14C,False,1.1
WWP1,False,1.1
WWC3,False,1.1
PRDM10,False,1.1
PRDM11,False,1.1
PRDM15,False,1.1
PRDM16,False,1.1
PRDM2,False,1.1
PRDM9,False,1.1
PREX1,False,1.1
WNT9A,False,1.1
PRH2,False,1.1
PRIM2,False,1.1
WNT7B,False,1.1
PRKACA,False,1.1
PRKAR2B,False,1.1
PRB3,False,1.1
PRAMEF2,False,1.1
PRAMEF17,False,1.1
ZNHIT2,False,1.1
PODNL1,False,1.1
NPAS1,False,1.1
XIRP2,False,1.1
PPP1R18,False,1.1
ZNF81,False,1.1
ZNF835,False,1.1
PPP2R1A,True,1.1
PRAMEF12,False,1.1
PPP2R5C,False,1.1
PPP3R2,False,1.1
PPP6R1,False,1.1
PPRC1,False,1.1
PRAG1,False,1.1
PRAMEF10,False,1.1
YES1,False,1.1
YME1L1,False,1.1
WNT5A,False,1.1
PLBD1,False,1.1
ZC3H18,False,1.1
NPTX1,False,1.1
ZC3H15,False,1.1
ZC3H13,False,1.1
ZC3H12B,False,1.1
PLCH1,False,1.1
PLCL1,False,1.1
NPTN,False,1.1
PLD4,False,1.1
PLD5,False,1.1
ZBTB7C,False,1.1
PLEKHA1,False,1.1
NPR2,False,1.1
ZBTB4,False,1.1
PLEKHA4,False,1.1
ZC3H3,False,1.1
ZC3H7B,False,1.1
ZNF800,False,1.1
PLAUR,False,1.1
PIWIL2,False,1.1
NPVF,False,1.1
ZFAND1,False,1.1
ZEB1,False,1.1
PKD2,False,1.1
ZDHHC11,False,1.1
ZNF786,False,1.1
ZCCHC9,False,1.1
PKNOX2,False,1.1
PKP2,False,1.1
ZCCHC8,False,1.1
PLA2G12B,False,1.1
PLA2G4E,False,1.1
PLAT,False,1.1
NPTX2,False,1.1
PLEKHA5,False,1.1
PLEKHF2,False,1.1
PLEKHG2,False,1.1
NPHP1,False,1.1
PLXNB1,False,1.1
PLXNB2,False,1.1
PLXNB3,False,1.1
PM20D1,False,1.1
PML,False,1.1
PNKP,False,1.1
PNMA3,False,1.1
PNMA5,False,1.1
NPDC1,False,1.1
PNN,False,1.1
PNPLA4,False,1.1
PNPLA7,False,1.1
YTHDC1,False,1.1
POC1B-GALNT4,False,1.1
POC5,False,1.1
ZNF799,False,1.1
PLXNA2,False,1.1
ZAP70,False,1.1
ZBTB16,False,1.1
PLEKHG4B,False,1.1
ZBTB34,False,1.1
PLEKHO1,False,1.1
ZBTB32,False,1.1
PLGRKT,False,1.1
NPEPL1,False,1.1
PLOD3,False,1.1
PLS3,False,1.1
ZBED9,False,1.1
PLPP1,False,1.1
ZBED4,False,1.1
PLPP2,False,1.1
ZBBX,False,1.1
PLPPR5,False,1.1
PRKCA,False,1.1
ZNF606,False,1.1
WNT3A,False,1.1
RAP1GAP,False,1.1
RAD18,False,1.1
RAD50,True,1.1
VPS50,False,1.1
NLRP11,False,1.1
RAD51AP2,False,1.1
VPS35,False,1.1
VPS26C,False,1.1
RAET1G,False,1.1
RAI1,False,1.1
RALGAPA2,False,1.1
RALGAPB,False,1.1
RALGDS,False,1.1
RANBP10,False,1.1
RANBP2,False,1.1
RANBP3,False,1.1
RAC1,True,1.1
RABL6,False,1.1
RABL2A,False,1.1
RAB11FIP1,False,1.1
WASHC1,False,1.1
WASF3,False,1.1
QKI,True,1.1
QRFPR,False,1.1
VWA8,False,1.1
R3HDM1,False,1.1
RAB27B,False,1.1
VSIG4,False,1.1
RAB3GAP2,False,1.1
RAB4A,False,1.1
ZSCAN30,False,1.1
RAB9B,False,1.1
VSIR,False,1.1
RABAC1,False,1.1
ZSWIM5,False,1.1
RAP2C,False,1.1
PYCR1,False,1.1
RAPGEF1,False,1.1
VN1R2,False,1.1
RBM22,False,1.1
RBM25,False,1.1
RBM28,False,1.1
RBM6,False,1.1
RBMX2,False,1.1
RC3H2,False,1.1
RCL1,False,1.1
RDX,False,1.1
RECQL4,True,1.1
NKD2,False,1.1
VMO1,False,1.1
RESF1,False,1.1
RET,True,1.1
RETREG2,False,1.1
RBM14,False,1.1
RBM10,True,1.1
RBFOX2,False,1.1
RASGRF1,False,1.1
VPS13D,False,1.1
RARB,False,1.1
RARS1,False,1.1
RASA1,False,1.1
ZSWIM8,False,1.1
VPS13C,False,1.1
RASGRP1,False,1.1
NKPD1,False,1.1
RAVER1,False,1.1
NLK,False,1.1
RB1CC1,False,1.1
NKX2-4,False,1.1
NKTR,False,1.1
RBBP8,False,1.1
WASHC2A,False,1.1
PXT1,False,1.1
WNK4,False,1.1
PSMC1,False,1.1
PRSS16,False,1.1
ZSCAN20,False,1.1
NOL8,False,1.1
PRSS53,False,1.1
PRTG,False,1.1
ZSCAN21,False,1.1
PSAT1,False,1.1
WFS1,False,1.1
PSD4,False,1.1
WDR83,False,1.1
PSG11,False,1.1
PSG4,False,1.1
PSG8,False,1.1
WDR72,False,1.1
PSMA8,False,1.1
PRRT3,False,1.1
WHRN,False,1.1
PRRC2C,False,1.1
PRMT9,False,1.1
PITPNM3,False,1.1
ZPBP2,False,1.1
ZRANB3,False,1.1
PRKG2,False,1.1
PRLHR,False,1.1
PRMT2,False,1.1
PRODH2,False,1.1
PRRC2B,False,1.1
PROM1,False,1.1
WIF1,False,1.1
PROX1,False,1.1
PRPF4B,False,1.1
PRR27,False,1.1
PRRC2A,False,1.1
PSMB11,False,1.1
PSMC3,False,1.1
PXDNL,False,1.1
PSME1,False,1.1
PTPN12,False,1.1
PTPRF,False,1.1
PTPRG,False,1.1
PTPRH,False,1.1
WDR3,False,1.1
WDR18,False,1.1
WDHD1,False,1.1
NLRP5,False,1.1
PTPRT,True,1.1
WDFY2,False,1.1
WBP4,False,1.1
PTRH1,False,1.1
PTTG1,False,1.1
WASHC5,False,1.1
PWWP2B,False,1.1
PTPN11,True,1.1
PTK2B,False,1.1
NMD3,False,1.1
PTCHD3,False,1.1
PSMG1,False,1.1
WDR70,False,1.1
WDR59,False,1.1
PTBP1,False,1.1
WDR55,False,1.1
NNT,False,1.1
PTCHD4,False,1.1
NMI,False,1.1
WDR47,False,1.1
WDR45,False,1.1
NMNAT1,False,1.1
WDR44,False,1.1
PTGER2,False,1.1
PTGS2,False,1.1
PIWIL1,False,1.1
PIM2,False,1.1
PITPNM2,False,1.1
OCA2,False,1.1
OASL,False,1.1
OR8S1,False,1.1
OR8U1,False,1.1
OR9A4,False,1.1
OR9I1,False,1.1
ZNF629,False,1.1
OR9Q1,False,1.1
ORC1,False,1.1
OSBPL6,False,1.1
OTOF,False,1.1
ZNF404,False,1.1
OTOL1,False,1.1
ZNF644,False,1.1
OTUD4,False,1.1
OTULIN,False,1.1
OR8A1,False,1.1
ODAM,False,1.1
PIP5K1A,False,1.1
OR7D2,False,1.1
OR5M1,False,1.1
ZNF431,False,1.1
OLA1,False,1.1
OR5M8,False,1.1
ZNF429,False,1.1
ZNF425,False,1.1
OR6C1,False,1.1
OGDHL,False,1.1
OR6C2,False,1.1
ZNF423,False,1.1
ZNF414,False,1.1
OR6K3,False,1.1
OR7A17,False,1.1
OR7A5,False,1.1
ZNF407,False,1.1
OVOL1,False,1.1
OXSM,False,1.1
NYAP2,False,1.1
OXTR,False,1.1
PALB2,True,1.1
PALD1,False,1.1
PALLD,False,1.1
PALMD,False,1.1
ZNF681,False,1.1
PAMR1,False,1.1
PAOX,False,1.1
PAPPA,False,1.1
PAPPA2,False,1.1
NUTM2F,False,1.1
ZNF688,False,1.1
PARP10,False,1.1
PARP11,False,1.1
ZNF287,False,1.1
ZNF691,False,1.1
PAK6,False,1.1
PAK3,False,1.1
ZNF337,False,1.1
P2RY6,False,1.1
P2RX2,False,1.1
ZNF347,False,1.1
P2RX7,False,1.1
P2RY13,False,1.1
P2RY2,False,1.1
ZNF678,False,1.1
ZNF341,False,1.1
PADI1,False,1.1
P4HA2,False,1.1
P4HA3,False,1.1
PABPC1L,False,1.1
PABPC4,False,1.1
PACRG,False,1.1
NWD1,False,1.1
OR5D18,False,1.1
ZNF446,False,1.1
OR5D13,False,1.1
OR2G6,False,1.1
OR1C1,False,1.1
OR1E2,False,1.1
OR1G1,False,1.1
OR1J2,False,1.1
OR1L6,False,1.1
OR1N1,False,1.1
ZNF566,False,1.1
ZNF564,False,1.1
OR2A14,False,1.1
OR2A25,False,1.1
OR2AG2,False,1.1
OR2AT4,False,1.1
OR2F2,False,1.1
OPCML,False,1.1
OR2G3,False,1.1
OR14C36,False,1.1
OR13G1,False,1.1
OR13C4,False,1.1
OR10G7,False,1.1
ZNF585B,False,1.1
OPLAH,False,1.1
OPN5,False,1.1
OR10C1,False,1.1
ZNF613,False,1.1
OR10G2,False,1.1
OR10Q1,False,1.1
OR11L1,False,1.1
ZNF584,False,1.1
OR11A1,False,1.1
ZNF574,False,1.1
OR11H4,False,1.1
OR11H6,False,1.1
ZNF567,False,1.1
ZNF560,False,1.1
OR2J3,False,1.1
ZNF449,False,1.1
OR2M2,False,1.1
ZNF512,False,1.1
OR51E2,False,1.1
ZNF490,False,1.1
OR51Q1,False,1.1
OR51V1,False,1.1
ZNF488,False,1.1
OR52N1,False,1.1
ZNF48,False,1.1
ZNF468,False,1.1
OLFM4,False,1.1
OR56B4,False,1.1
OR5A1,False,1.1
ZNF628,False,1.1
OR5B3,False,1.1
ZNF451,False,1.1
ZNF514,False,1.1
ZNF521,False,1.1
ZNF528,False,1.1
ZNF534,False,1.1
OLFML3,False,1.1
ZNF557,False,1.1
OR2M4,False,1.1
ZNF552,False,1.1
ZNF536,False,1.1
OR2T4,False,1.1
OR2V2,False,1.1
OR4N5,False,1.1
OR2Y1,False,1.1
OR4A5,False,1.1
OR4C13,False,1.1
OR4C15,False,1.1
OR4K2,False,1.1
OR4M1,False,1.1
PARP15,False,1.1
NUTM1,True,1.1
NUP93,False,1.1
PHACTR2,False,1.1
PDZRN4,False,1.1
ZMYND12,False,1.1
PENK,False,1.1
PER1,False,1.1
PER3,False,1.1
REV1,False,1.1
PES1,False,1.1
PEX7,False,1.1
NSMAF,False,1.1
PFKFB2,False,1.1
NRXN2,False,1.1
PFKL,False,1.1
PFKM,False,1.1
PFKP,False,1.1
PGM5,False,1.1
PDZK1,False,1.1
PDZD2,False,1.1
ZNF106,False,1.1
PDE5A,False,1.1
ZNF131,False,1.1
PDCL,False,1.1
PDE1C,False,1.1
PDE3A,False,1.1
PDE4B,False,1.1
PDE4D,False,1.1
PDE6A,False,1.1
PDLIM2,False,1.1
ZNF12,False,1.1
PDGFD,False,1.1
PDGFRB,True,1.1
PDHA2,False,1.1
ZNF107,False,1.1
PDILT,False,1.1
PHACTR1,False,1.1
PHAX,False,1.1
PCSK1,False,1.1
PHETA1,False,1.1
ZFYVE26,False,1.1
NRCAM,False,1.1
ZFX,False,1.1
NR6A1,False,1.1
NR1I2,False,1.1
ZFP42,False,1.1
ZFP36L1,False,1.1
NR1H2,False,1.1
ZFHX4,False,1.1
PIK3C2B,True,1.1
PIK3C2G,True,1.1
ZFC3H1,False,1.1
PIKFYVE,False,1.1
PIM1,True,1.1
ZNF595,False,1.1
NRDC,False,1.1
NRF1,False,1.1
PHYKPL,False,1.1
ZMAT1,False,1.1
PHEX,False,1.1
PHF10,False,1.1
ZMAT3,False,1.1
PHF24,False,1.1
PHF3,False,1.1
PHF6,False,1.1
ZKSCAN8,False,1.1
NRK,False,1.1
PHLDB1,False,1.1
ZKSCAN4,False,1.1
ZIK1,False,1.1
ZHX3,False,1.1
PHYHIP,False,1.1
ZHX1,False,1.1
PCSK9,False,1.1
PCNX3,False,1.1
PARP2,True,1.1
ZNF226,False,1.1
ZNF254,False,1.1
PCDH11Y,False,1.1
ZNF250,False,1.1
PCDH12,False,1.1
PCDH15,False,1.1
NUP133,False,1.1
PCDH17,False,1.1
ZNF765,False,1.1
PCDHA1,False,1.1
NUP107,False,1.1
PCDHA11,False,1.1
PCDHA13,False,1.1
ZNF235,False,1.1
ZNF234,False,1.1
ZNF230,False,1.1
ZNF266,False,1.1
PCDH11X,False,1.1
NUP155,False,1.1
ZNF700,False,1.1
PARP8,False,1.1
PATZ1,False,1.1
PAX1,False,1.1
ZNF284,False,1.1
ZNF282,False,1.1
PAX4,False,1.1
PAXBP1,False,1.1
PCDH10,False,1.1
ZNF277,False,1.1
ZNF709,False,1.1
NUP188,False,1.1
ZNF267,False,1.1
PCBP3,False,1.1
PCDH1,False,1.1
PCDHA3,False,1.1
PCDHA6,False,1.1
ZNF146,False,1.1
PCDHA7,False,1.1
ZNF2,False,1.1
PCDHGB5,False,1.1
PCDHGB7,False,1.1
PCDHGC3,False,1.1
PCDHGC4,False,1.1
NTRK1,True,1.1
ZNF180,False,1.1
PCDHGC5,False,1.1
PCF11,False,1.1
NTN1,False,1.1
ZNF175,False,1.1
ZNF160,False,1.1
PCMTD2,False,1.1
NSUN5,False,1.1
PCNX1,False,1.1
PCDHGB3,False,1.1
PCDHGB2,False,1.1
PCDHGA9,False,1.1
ZNF77,False,1.1
PCDHB1,False,1.1
PCDHB11,False,1.1
PCDHB13,False,1.1
NUFIP1,False,1.1
NUDT7,False,1.1
NUDT11,False,1.1
ZNF215,False,1.1
PCDHGA10,False,1.1
ZNF214,False,1.1
NUDT10,False,1.1
PCDHB4,False,1.1
ZNF782,False,1.1
PCDHB7,False,1.1
PCDHB9,False,1.1
TMCO4,False,1.1
RIMBP3,False,1.1
RFPL3,False,1.1
TRAM1,False,1.1
STK32B,False,1.1
STK32C,False,1.1
STK36,False,1.1
STOM,False,1.1
TRBV28,False,1.1
STOML1,False,1.1
TRAV40,False,1.1
TRAV34,False,1.1
STON1,False,1.1
STOX1,False,1.1
STRA8,False,1.1
STRADB,False,1.1
TRAV26-1,False,1.1
STX10,False,1.1
STXBP3,False,1.1
TRAPPC8,False,1.1
SUCNR1,False,1.1
STIM2,False,1.1
STEAP2,False,1.1
STEAP1,False,1.1
TRHDE,False,1.1
TRIL,False,1.1
SSX7,False,1.1
ST3GAL5,False,1.1
ST6GALNAC1,False,1.1
ST6GALNAC3,False,1.1
TRIB2,False,1.1
ST8SIA4,False,1.1
STAG2,True,1.1
TRDMT1,False,1.1
STAG3,False,1.1
STARD13,False,1.1
TRDN,False,1.1
STAT5A,False,1.1
STAT6,False,1.1
STAU1,False,1.1
STC1,False,1.1
SUGCT,False,1.1
SULT1B1,False,1.1
TOR4A,False,1.1
SULT6B1,False,1.1
SYNDIG1L,False,1.1
TP63,True,1.1
SYNE1,False,1.1
SYNE2,False,1.1
SYNGAP1,False,1.1
SYNGR4,False,1.1
TP53BP2,False,1.1
SYNJ2,False,1.1
SYNPO2,False,1.1
SYT1,False,1.1
SYT16,False,1.1
TP53BP1,False,1.1
SYT3,False,1.1
SYTL1,False,1.1
SYTL3,False,1.1
TAAR6,False,1.1
TAAR9,False,1.1
SYNCRIP,False,1.1
SYN3,False,1.1
TPCN1,False,1.1
SURF6,False,1.1
SUMF1,False,1.1
SUPT20H,False,1.1
SUPT5H,False,1.1
TRAF3IP2,False,1.1
TRAF2,False,1.1
TPTE,False,1.1
SURF2,False,1.1
SUSD1,False,1.1
TPCN2,False,1.1
SV2C,False,1.1
SVIL,False,1.1
TPST1,False,1.1
TPP2,False,1.1
SYCP1,False,1.1
SYCP2L,False,1.1
SYCP3,False,1.1
SSX2IP,False,1.1
SSX1,True,1.1
SSTR3,False,1.1
SSC4D,False,1.1
SPACA3,False,1.1
TSPAN10,False,1.1
SPATA17,False,1.1
TSKS,False,1.1
SPATA31A1,False,1.1
TSHZ2,False,1.1
SPATA31A3,False,1.1
SPATA31D1,False,1.1
TSGA10,False,1.1
SPATA5,False,1.1
TSC22D2,False,1.1
SPDYE2,False,1.1
TSC2,True,1.1
TRRAP,False,1.1
TRPV2,False,1.1
TRPM8,False,1.1
SPEG,False,1.1
SPACA1,False,1.1
SP4,False,1.1
SP3,False,1.1
SORL1,False,1.1
SNX27,False,1.1
SNX6,False,1.1
SNX8,False,1.1
TSPAN8,False,1.1
SON,False,1.1
SORBS1,False,1.1
TSPAN7,False,1.1
SOS1,True,1.1
SP140,False,1.1
SOS2,False,1.1
SOWAHB,False,1.1
SOX21,False,1.1
SOX5,False,1.1
SOX6,False,1.1
SOX9,True,1.1
SP110,False,1.1
SPG11,False,1.1
SPHK2,False,1.1
TRPM6,False,1.1
SRGAP2,False,1.1
TRIM45,False,1.1
TRIM38,False,1.1
SPTY2D1,False,1.1
TRIM31,False,1.1
SRCAP,False,1.1
SREBF2,False,1.1
SRGAP1,False,1.1
SRGAP3,False,1.1
TRIM52,False,1.1
SRI,False,1.1
TRIM3,False,1.1
SRPX,False,1.1
SRR,False,1.1
SRRT,False,1.1
SRSF4,False,1.1
TRIM21,False,1.1
SPTBN2,False,1.1
TRIM55,False,1.1
SPIC,False,1.1
TRPC1,False,1.1
SPINK1,True,1.1
SPINK13,False,1.1
SPO11,False,1.1
SPOCD1,False,1.1
TRPM5,False,1.1
TRPM3,False,1.1
TRPM1,False,1.1
SPP2,False,1.1
SPRYD3,False,1.1
SPRED1,False,1.1
SPRY1,False,1.1
TRIO,False,1.1
SPRY3,False,1.1
SPRY4,False,1.1
TRIML1,False,1.1
TRIM58,False,1.1
TOX,False,1.1
TACC2,False,1.1
RFTN1,False,1.1
TMEM260,False,1.1
TGIF1,False,1.1
TGM5,False,1.1
TGM7,False,1.1
TH,False,1.1
TMEM98,False,1.1
TMEM88,False,1.1
TMEM79,False,1.1
TMEM63A,False,1.1
THAP12,False,1.1
THAP3,False,1.1
THAP4,False,1.1
THAP5,False,1.1
THBS3,False,1.1
THEMIS,False,1.1
TMEM51,False,1.1
THSD7A,False,1.1
TMEM50A,False,1.1
TMPRSS15,False,1.1
TGFBRAP1,False,1.1
TMPRSS4,False,1.1
TFAP2E,False,1.1
TMPRSS9,False,1.1
TEX15,False,1.1
TEX2,False,1.1
TEX30,False,1.1
TEX37,False,1.1
TFAP2A,False,1.1
TFAP2D,False,1.1
TFDP1,False,1.1
TGFBR3,False,1.1
TFDP2,False,1.1
TFPI,False,1.1
TFPT,False,1.1
TFR2,False,1.1
TG,False,1.1
TGFB1I1,False,1.1
TMPRSS5,False,1.1
TMEM266,False,1.1
TIA1,False,1.1
TACC3,True,1.1
TIAL1,False,1.1
TMEM134,False,1.1
TMEM132E,False,1.1
TLR10,False,1.1
TMEM132A,False,1.1
TMEM131L,False,1.1
TMEM125,False,1.1
TLR3,False,1.1
TMEM104,False,1.1
TLR4,False,1.1
TLR5,False,1.1
TLR9,False,1.1
TM2D1,False,1.1
TM4SF18,False,1.1
TM4SF4,False,1.1
TM4SF5,False,1.1
TMED4,False,1.1
TMC7,False,1.1
TLN1,False,1.1
TMEM156,False,1.1
TMEM168,False,1.1
TMEM251,False,1.1
TIAM1,False,1.1
TICAM1,False,1.1
TMEM258,False,1.1
TIMELESS,False,1.1
TMEM255A,False,1.1
TIMP2,False,1.1
TINAG,False,1.1
TMEM236,False,1.1
TLK2,False,1.1
TKTL1,False,1.1
TLDC2,False,1.1
TMEM217,False,1.1
TMEM204,False,1.1
TMEM198,False,1.1
TMEM186,False,1.1
TLE1,False,1.1
TEX13B,False,1.1
TEX10,False,1.1
TET3,False,1.1
TESMIN,False,1.1
TBC1D3F,False,1.1
TBC1D5,False,1.1
TBC1D8B,False,1.1
TOPBP1,False,1.1
TBC1D9B,False,1.1
TOP2B,False,1.1
TONSL,False,1.1
TBCB,False,1.1
TBCCD1,False,1.1
TNS3,False,1.1
TBCE,False,1.1
TBK1,False,1.1
TNRC6B,False,1.1
TBL1Y,False,1.1
TNRC6A,False,1.1
TBL3,False,1.1
TBPL2,False,1.1
TBC1D29P,False,1.1
TBC1D22B,False,1.1
TBC1D1,False,1.1
TAFA5,False,1.1
TACSTD2,False,1.1
TADA1,False,1.1
TADA3,False,1.1
TAF10,False,1.1
TAF4,False,1.1
TAF6,False,1.1
TAF6L,False,1.1
TANC1,False,1.1
TAS2R7,False,1.1
TANC2,False,1.1
TANGO6,False,1.1
TAOK3,False,1.1
TOR1AIP1,False,1.1
TARS2,False,1.1
TOR1A,False,1.1
TAS2R40,False,1.1
TBRG1,False,1.1
TNPO3,False,1.1
TBX19,False,1.1
TEKT4,False,1.1
TDRKH,False,1.1
TEC,False,1.1
TECPR2,False,1.1
TEK,True,1.1
TEKT2,False,1.1
TMX2,False,1.1
TEKT3,False,1.1
TELO2,False,1.1
TDRD7,False,1.1
TMTC3,False,1.1
TMTC2,False,1.1
TENM3,False,1.1
TENT5A,False,1.1
TMTC1,False,1.1
TERF1,False,1.1
TESK1,False,1.1
TDRD9,False,1.1
TNF,False,1.1
TBX22,False,1.1
TCF19,False,1.1
TBX5,False,1.1
TNPO1,False,1.1
TBXAS1,False,1.1
TC2N,False,1.1
TCAIM,False,1.1
TCEA2,False,1.1
TNKS2,False,1.1
TCHH,False,1.1
TNFRSF10A,False,1.1
TCHHL1,False,1.1
TCHP,False,1.1
TNFRSF9,False,1.1
TCOF1,False,1.1
TDG,False,1.1
TDRD3,False,1.1
TDRD5,False,1.1
SNX25,False,1.1
SNW1,False,1.1
SNTG1,False,1.1
SCNN1B,False,1.1
SARS1,False,1.1
SASH1,False,1.1
SATB2,False,1.1
SBF1,False,1.1
SBNO2,False,1.1
SCAF1,False,1.1
SCAF11,False,1.1
SCAF4,False,1.1
SCAMP1,False,1.1
SCAMP2,False,1.1
SCAND1,False,1.1
SCAP,False,1.1
SCFD1,False,1.1
SCML1,False,1.1
SCN11A,False,1.1
UROC1,False,1.1
SCN7A,False,1.1
SARDH,False,1.1
SAP130,False,1.1
SAMSN1,False,1.1
USP31,False,1.1
RUNDC3B,False,1.1
USP54,False,1.1
RUSC1,False,1.1
RUVBL2,False,1.1
RXFP3,False,1.1
RXRA,False,1.1
USP34,False,1.1
RYR3,False,1.1
SAMD9L,False,1.1
S100A5,False,1.1
USP24,False,1.1
SALL3,False,1.1
SAMD1,False,1.1
SAMD9,True,1.1
USP2,False,1.1
USP13,False,1.1
URGCP,False,1.1
SCTR,False,1.1
SNRNP70,False,1.1
ULK4,False,1.1
SELL,False,1.1
UGT1A5,False,1.1
SEMA3A,False,1.1
SEMA3D,False,1.1
SEMA4D,False,1.1
SEMA5A,False,1.1
SEMA6A,False,1.1
SEMA6B,False,1.1
SEMA6D,False,1.1
SEMG1,False,1.1
SENP1,False,1.1
SENP3,False,1.1
SENP7,False,1.1
SEPTIN14,False,1.1
UGGT1,False,1.1
SERINC1,False,1.1
SERINC4,False,1.1
SELENOM,False,1.1
SEC61A2,False,1.1
SEC31B,False,1.1
SDK2,False,1.1
SCUBE1,False,1.1
ULK2,False,1.1
SCYL3,False,1.1
SDF2L1,False,1.1
UGT8,False,1.1
SDHA,True,1.1
SDK1,False,1.1
SDS,False,1.1
SEC31A,False,1.1
SEC14L1,False,1.1
SEC14L4,False,1.1
SEC14L5,False,1.1
SEC16A,False,1.1
SEC24A,False,1.1
SEC24B,False,1.1
UGT2B4,False,1.1
RTN2,False,1.1
USP6,False,1.1
RTN1,False,1.1
RTL9,False,1.1
VCPIP1,False,1.1
RINL,False,1.1
RIOK2,False,1.1
RIOK3,False,1.1
RIOX1,False,1.1
RIPK1,False,1.1
RIPK4,False,1.1
VCAN,False,1.1
RIPOR1,False,1.1
RIPPLY2,False,1.1
RIPPLY3,False,1.1
RIT2,False,1.1
VAV3,False,1.1
RNF111,False,1.1
RNF125,False,1.1
RNF139,False,1.1
RNF149,False,1.1
RIN3,False,1.1
RIN2,False,1.1
VDAC1,False,1.1
RGS2,False,1.1
RGL1,False,1.1
VIPAS39,False,1.1
RGL3,False,1.1
VGLL4,False,1.1
RGPD2,False,1.1
RGR,False,1.1
RGS17,False,1.1
RHAG,False,1.1
TMCC2,False,1.1
RHBG,False,1.1
RHCE,False,1.1
RHO,False,1.1
RHOH,False,1.1
VEPH1,False,1.1
RIC1,False,1.1
RICTOR,True,1.1
RNF17,False,1.1
RNF183,False,1.1
RNF25,False,1.1
RSL1D1,False,1.1
RPTN,False,1.1
RRBP1,False,1.1
VAC14,False,1.1
RRN3,False,1.1
RRP1B,False,1.1
RRP8,False,1.1
RSAD1,False,1.1
RSPH1,False,1.1
RPS5,False,1.1
RSPH3,False,1.1
UXT,False,1.1
RTCB,False,1.1
RTEL1,False,1.1
UTP3,False,1.1
RTL1,False,1.1
RTL5,False,1.1
RPS6KC1,False,1.1
RPS26,False,1.1
RNF43,True,1.1
VASP,False,1.1
ROBO1,False,1.1
ROBO2,False,1.1
ROBO3,False,1.1
ROCK1,False,1.1
ROCK2,False,1.1
ROM1,False,1.1
ROS1,True,1.1
RPA4,False,1.1
RPRD1A,False,1.1
RPAP1,False,1.1
RPAP3,False,1.1
VASN,False,1.1
RPH3A,False,1.1
RPH3AL,False,1.1
RPL36,False,1.1
VANGL1,False,1.1
SERPINA1,False,1.1
SERPINA9,False,1.1
SERPINB10,False,1.1
SLC26A2,False,1.1
TUBA8,False,1.1
SLC45A4,False,1.1
SLC4A1,False,1.1
SLC4A5,False,1.1
SLC4A7,False,1.1
SLC52A3,False,1.1
SLC5A1,False,1.1
SLC5A8,False,1.1
TUBA3C,False,1.1
SLC6A12,False,1.1
SLC6A17,False,1.1
TTLL8,False,1.1
SLC7A9,False,1.1
SLC8A2,False,1.1
SLC8A3,False,1.1
SLC8B1,False,1.1
SLC9A1,False,1.1
TUBAL3,False,1.1
SLC41A1,False,1.1
SLC39A6,False,1.1
SLC2A9,False,1.1
TULP4,False,1.1
TULP3,False,1.1
SLC26A9,False,1.1
SLC27A4,False,1.1
SLC27A5,False,1.1
SLC27A6,False,1.1
SLC28A1,False,1.1
TUBE1,False,1.1
SLC39A10,False,1.1
TUBB8,False,1.1
TUBB4B,False,1.1
SLC34A1,False,1.1
SLC35A5,False,1.1
SLC35E3,False,1.1
SLC35G1,False,1.1
SLC38A10,False,1.1
SLC9A3,False,1.1
SLC9A4,False,1.1
TTLL2,False,1.1
SMR3A,False,1.1
SMCHD1,False,1.1
TSPYL6,False,1.1
SMG5,False,1.1
SMOC1,False,1.1
SMPD2,False,1.1
SMPD3,False,1.1
SMPDL3B,False,1.1
SMTN,False,1.1
SMC1B,False,1.1
TSPYL2,False,1.1
SNAI3,False,1.1
SNAP47,False,1.1
SNAP91,False,1.1
SNAPC4,False,1.1
SND1,False,1.1
SNED1,False,1.1
SMC3,False,1.1
TSSK2,False,1.1
SLCO1A2,False,1.1
TTC30B,False,1.1
SLCO1B1,False,1.1
SLCO1B3,False,1.1
TTLL13P,False,1.1
SLCO1C1,False,1.1
SLCO4A1,False,1.1
TTI1,False,1.1
SLCO4C1,False,1.1
SLF2,False,1.1
SMARCA4,True,1.1
SLFN13,False,1.1
SLIT1,False,1.1
SLIT2,False,1.1
SLTM,False,1.1
SLX4,True,1.1
SMAP2,False,1.1
TSSK6,False,1.1
SLC26A6,False,1.1
SLC25A6,False,1.1
SERPINB12,False,1.1
NKAPL,False,1.1
UBE2G2,False,1.1
UBE2E3,False,1.1
SH3BP5,False,1.1
SH3RF2,False,1.1
SH3TC1,False,1.1
SHC4,False,1.1
SHE,False,1.1
SHLD1,False,1.1
SHPRH,False,1.1
SHROOM2,False,1.1
SHROOM3,False,1.1
SIDT2,False,1.1
SIGLEC10,False,1.1
UBE2B,False,1.1
SIGLEC5,False,1.1
UBC,False,1.1
SIL1,False,1.1
UBE2J2,False,1.1
SGTB,False,1.1
UBE2S,False,1.1
SETX,False,1.1
SERPIND1,False,1.1
UCKL1,False,1.1
UBXN10,False,1.1
SERPINH1,False,1.1
SERTAD2,False,1.1
UBQLNL,False,1.1
UBN1,False,1.1
UBE3C,False,1.1
SGTA,False,1.1
SEZ6L,False,1.1
SF3A2,False,1.1
UBE3B,False,1.1
SFTPC,False,1.1
SFXN1,False,1.1
SGMS1,False,1.1
UBE3A,False,1.1
SIPA1L1,False,1.1
SIRT3,False,1.1
SKA3,False,1.1
TYMP,False,1.1
SLC22A10,False,1.1
UBA1,False,1.1
SLC22A16,False,1.1
SLC22A25,False,1.1
UAP1L1,False,1.1
SLC22A7,False,1.1
TYRO3,True,1.1
SLC25A13,False,1.1
SLC1A5,False,1.1
SLC25A2,False,1.1
SLC25A25,False,1.1
TXLNB,False,1.1
TXK,False,1.1
SLC25A36,False,1.1
SLC25A47,False,1.1
SLC25A48,False,1.1
SLC1A6,False,1.1
UBA2,False,1.1
SKI,False,1.1
SLC12A8,False,1.1
SKIV2L,False,1.1
SLA,False,1.1
SLAMF8,False,1.1
SLC10A5,False,1.1
SLC12A1,False,1.1
SLC12A2,False,1.1
UBB,False,1.1
SLC13A5,False,1.1
SLC1A3,False,1.1
SLC15A1,False,1.1
SLC16A9,False,1.1
SLC17A8,False,1.1
UBAC1,False,1.1
SLC19A1,False,1.1
SLC19A2,False,1.1
UBA6,False,1.1
NKD1,False,1.1
A2M,False,1.1
NISCH,False,1.1
COL8A2,False,1.1
COL23A1,False,1.1
COL25A1,False,1.1
COL28A1,False,1.1
COL3A1,False,1.1
COL4A3,False,1.1
COL4A4,False,1.1
COL6A1,False,1.1
COL6A6,False,1.1
COL7A1,False,1.1
COL9A1,False,1.1
CLTC,False,1.1
COL9A3,False,1.1
COLEC12,False,1.1
COLGALT2,False,1.1
COMMD4,False,1.1
COPRS,False,1.1
COPS7B,False,1.1
COQ6,False,1.1
CORIN,False,1.1
CORO7,False,1.1
COL1A1,True,1.1
COL19A1,False,1.1
COL13A1,False,1.1
COBLL1,False,1.1
CLU,False,1.1
CLVS1,False,1.1
CMTR2,False,1.1
CNDP2,False,1.1
CNGA2,False,1.1
CNGB3,False,1.1
CNKSR2,False,1.1
CNNM1,False,1.1
CNNM2,False,1.1
CNOT10,False,1.1
CNOT3,False,1.1
CNOT4,False,1.1
CNOT8,False,1.1
CNTLN,False,1.1
CNTN2,False,1.1
CNTN3,False,1.1
CNTN6,False,1.1
CNTRL,False,1.1
COA3,False,1.1
CPA2,False,1.1
CPEB2,False,1.1
CPEB3,False,1.1
CST9L,False,1.1
CTBP1,False,1.1
CTDP1,False,1.1
CTDSPL2,False,1.1
CTLA4,True,1.1
CTNNA1,True,1.1
CTNND2,False,1.1
CTSE,False,1.1
CTSG,False,1.1
CTSH,False,1.1
CTSK,False,1.1
CTTN,False,1.1
CUL7,False,1.1
CUX1,False,1.1
CX3CL1,False,1.1
CXCL5,False,1.1
CXorf38,False,1.1
CYC1,False,1.1
CYP11B1,False,1.1
CYP1A2,True,1.1
CTAG2,False,1.1
CSRP3,False,1.1
CPLX3,False,1.1
CSPG4,False,1.1
CPNE6,False,1.1
CPSF1,False,1.1
CPT1A,False,1.1
CPZ,False,1.1
CR2,False,1.1
CRACR2A,False,1.1
CRIM1,False,1.1
CRISPLD1,False,1.1
CRNKL1,False,1.1
CROCC,False,1.1
CRTC2,False,1.1
CRX,False,1.1
CRYL1,False,1.1
CSF1R,True,1.1
CSF2RA,False,1.1
CSGALNACT1,False,1.1
CSMD2,False,1.1
CSMD3,False,1.1
CSN1S1,False,1.1
CLTCL1,False,1.1
CLRN2,False,1.1
CYP2A6,True,1.1
CEP72,False,1.1
CEBPE,False,1.1
CECR2,False,1.1
CELF3,False,1.1
CEMIP2,False,1.1
CENPC,False,1.1
CENPJ,False,1.1
CEP128,False,1.1
CEP162,False,1.1
CEP164,False,1.1
CEP83,False,1.1
CLPTM1,False,1.1
CEP85L,False,1.1
CERK,False,1.1
CES3,False,1.1
CETN3,False,1.1
CFAP221,False,1.1
CFAP251,False,1.1
CFAP46,False,1.1
CFAP47,False,1.1
CFAP53,False,1.1
CEACAM1,False,1.1
CDS1,False,1.1
CDK5RAP2,False,1.1
CDK5R1,False,1.1
CD48,False,1.1
CD81,False,1.1
CD84,False,1.1
CDC25B,False,1.1
CDC42EP1,False,1.1
CDC45,False,1.1
CDC7,False,1.1
CDCA2,False,1.1
CDH15,False,1.1
CDH18,False,1.1
CDH22,False,1.1
CDH5,False,1.1
CDH7,False,1.1
CDH8,False,1.1
CDH9,False,1.1
CDHR3,False,1.1
CDK13,False,1.1
CDK20,False,1.1
CDK3,False,1.1
CFAP54,False,1.1
CFAP57,False,1.1
CFI,False,1.1
CILP2,False,1.1
CKAP2L,False,1.1
CKAP5,False,1.1
CKMT2,False,1.1
CKS2,False,1.1
CLASP2,False,1.1
CLCN1,False,1.1
CLCN4,False,1.1
CLCNKA,False,1.1
CLDN1,False,1.1
CLDN15,False,1.1
CLDN16,False,1.1
CLDN6,False,1.1
CLDN8,False,1.1
CLEC18B,False,1.1
CLEC4G,False,1.1
CLIC4,False,1.1
CLINT1,False,1.1
CLMN,False,1.1
CLN3,False,1.1
CIP2A,False,1.1
CIITA,False,1.1
CGA,False,1.1
CIB4,False,1.1
CGB8,False,1.1
CGN,False,1.1
CH25H,False,1.1
CHAF1A,False,1.1
CHAMP1,False,1.1
CHD2,False,1.1
CHD6,False,1.1
CHD8,False,1.1
CHMP2A,False,1.1
CHMP4B,False,1.1
CHODL,False,1.1
CHPF,False,1.1
CHRDL2,False,1.1
CHRNA3,False,1.1
CHRNA5,False,1.1
CHST1,False,1.1
CHSY1,False,1.1
CIAO1,False,1.1
CIB3,False,1.1
CYP2A13,False,1.1
CYP2C19,True,1.1
CD276,False,1.1
EFTUD2,False,1.1
EDC3,False,1.1
EDEM1,False,1.1
EDEM2,False,1.1
EDF1,False,1.1
EEA1,False,1.1
EEF1AKNMT,False,1.1
EFCAB3,False,1.1
EFCAB7,False,1.1
EFEMP1,False,1.1
EGF,False,1.1
DTD2,False,1.1
EGFR,True,1.1
EGLN2,False,1.1
EGR2,False,1.1
EHBP1L1,False,1.1
EHD3,False,1.1
EHMT2,False,1.1
EIF2AK3,False,1.1
EIF2B3,False,1.1
EIF3D,False,1.1
EDA,False,1.1
ECSCR,False,1.1
ECI1,False,1.1
ECHDC3,False,1.1
DUOX1,False,1.1
DUOXA2,False,1.1
DUSP11,False,1.1
DUSP12,False,1.1
DUSP18,False,1.1
DUSP5,False,1.1
DUSP8,False,1.1
DVL1,False,1.1
DYNC1H1,False,1.1
DYRK4,False,1.1
DYSF,False,1.1
DYTN,False,1.1
DZIP1,False,1.1
E2F3,False,1.1
E2F4,False,1.1
E2F7,False,1.1
EAF2,False,1.1
EBF1,False,1.1
ECHDC2,False,1.1
EIF3F,False,1.1
EIF3L,False,1.1
EIF4E1B,False,1.1
EPRS1,False,1.1
ERAP1,False,1.1
ERBIN,False,1.1
ERCC8,False,1.1
ERF,False,1.1
ESR2,False,1.1
ESRP1,False,1.1
ETS2,False,1.1
EWSR1,True,1.1
EXD3,False,1.1
EXOC2,False,1.1
EXOC3L4,False,1.1
EXOC7,False,1.1
EXOSC4,False,1.1
EXTL3,False,1.1
EYS,False,1.1
EZR,True,1.1
F11,False,1.1
F11R,False,1.1
F12,False,1.1
EPS15L1,False,1.1
EPN2,False,1.1
EIF4G3,False,1.1
EPM2A,False,1.1
ELAPOR2,False,1.1
ELAVL3,False,1.1
ELF3,False,1.1
ELFN2,False,1.1
ELL3,False,1.1
ELMO1,False,1.1
ELN,False,1.1
ELOA3,False,1.1
ELP3,False,1.1
EMC8,False,1.1
EML5,False,1.1
ENAM,False,1.1
ENC1,False,1.1
ENPP1,False,1.1
ENTHD1,False,1.1
ENTPD8,False,1.1
EPHA5,False,1.1
EPHA8,False,1.1
EPHB6,False,1.1
DTWD1,False,1.1
DSG3,False,1.1
CYP2C9,True,1.1
DENND6A,False,1.1
DDX42,False,1.1
DDX55,False,1.1
DDX56,False,1.1
DEAF1,False,1.1
DEFB113,False,1.1
DENND11,False,1.1
DENND2A,False,1.1
DENND2B,False,1.1
DENND3,False,1.1
DEPDC1B,False,1.1
DSG2,False,1.1
DERL1,False,1.1
DGAT2,False,1.1
DGCR2,False,1.1
DGKK,False,1.1
DHRS2,False,1.1
DHX29,False,1.1
DHX32,False,1.1
DHX34,False,1.1
DHX36,False,1.1
DDX4,False,1.1
DDX21,False,1.1
DDX20,False,1.1
DCTN1,False,1.1
CYP2D6,True,1.1
CYP2E1,True,1.1
CYP3A7,False,1.1
CYP4A11,False,1.1
CYP4F11,False,1.1
CYP4Z1,False,1.1
DAB2IP,False,1.1
DAGLA,False,1.1
DALRD3,False,1.1
DAND5,False,1.1
DAPK1,False,1.1
DAPP1,False,1.1
DAZL,False,1.1
DBN1,False,1.1
DBT,False,1.1
DCAF12,False,1.1
DCAF8L1,False,1.1
DCLK1,False,1.1
DCSTAMP,False,1.1
DICER1,True,1.1
DIP2A,False,1.1
DIP2B,False,1.1
DOCK3,False,1.1
DOCK7,False,1.1
DOK7,False,1.1
DPEP1,False,1.1
DPH1,False,1.1
DPM3,False,1.1
DPPA2,False,1.1
DPT,False,1.1
DPY19L1,False,1.1
DPY19L3,False,1.1
DPY19L4,False,1.1
DPYSL3,False,1.1
DPYSL5,False,1.1
DQX1,False,1.1
DRAM1,False,1.1
DRC7,False,1.1
DRD1,False,1.1
DRP2,False,1.1
DSCAM,False,1.1
DSCAML1,False,1.1
DOCK4,False,1.1
DOCK10,False,1.1
DIPK2B,False,1.1
DNMT3B,False,1.1
DIS3L2,False,1.1
DLG3,False,1.1
DLK2,False,1.1
DLX6,False,1.1
DMPK,False,1.1
DMRT1,False,1.1
DNAAF1,True,1.1
DNAH11,False,1.1
DNAI2,False,1.1
DNAI4,False,1.1
DNAJA4,False,1.1
DNAJB2,False,1.1
DNAJB6,False,1.1
DNAJC10,False,1.1
DNAJC17,False,1.1
DNAJC21,False,1.1
DNAJC5B,False,1.1
DNAJC8,False,1.1
DNM3,False,1.1
CD33,False,1.1
CD209,False,1.1
NIPAL3,False,1.1
ANKRD28,False,1.1
ANK1,False,1.1
ANKEF1,False,1.1
ANKFN1,False,1.1
ANKHD1-EIF4EBP3,False,1.1
ANKRD11,False,1.1
ANKRD12,False,1.1
ANKRD13B,False,1.1
ANKRD13C,False,1.1
ANKRD26,False,1.1
ANKRD30A,False,1.1
AKNAD1,False,1.1
ANKRD34B,False,1.1
ANKRD50,False,1.1
ANKRD52,False,1.1
ANKRD55,False,1.1
ANKRD6,False,1.1
ANKS1B,False,1.1
ANKS3,False,1.1
ANO6,False,1.1
ANXA10,False,1.1
ANGPT4,False,1.1
ANAPC5,False,1.1
ANAPC2,False,1.1
ANAPC1,False,1.1
AL136295.1,False,1.1
AL592490.1,False,1.1
AL669918.1,False,1.1
ALDH18A1,False,1.1
ALDH1A3,False,1.1
ALDH1L1,False,1.1
ALDH8A1,False,1.1
ALG3,False,1.1
ALK,True,1.1
ALOX12,False,1.1
ALOX15B,False,1.1
ALPI,False,1.1
ALPK1,False,1.1
ALS2,False,1.1
AMACR,False,1.1
AMER1,True,1.1
AMER3,False,1.1
AMPD3,False,1.1
AMY2B,False,1.1
ANXA5,False,1.1
ANXA8L1,False,1.1
AOC3,False,1.1
ARHGAP18,False,1.1
ARHGEF10,False,1.1
ARHGEF10L,False,1.1
ARHGEF16,False,1.1
ARHGEF17,False,1.1
ARHGEF6,False,1.1
ARID1A,True,1.1
ARID1B,True,1.1
ARID2,True,1.1
ARID3A,False,1.1
ARID4A,False,1.1
ARID5A,False,1.1
ARIH2,False,1.1
ARL4C,False,1.1
ARL8B,False,1.1
ARMH3,False,1.1
ARPP21,False,1.1
ARRB1,False,1.1
ARSD,False,1.1
ARSG,False,1.1
ARHGAP26,False,1.1
ARHGAP10,False,1.1
AOPEP,False,1.1
ARGLU1,False,1.1
AP1M1,False,1.1
AP1S1,False,1.1
AP2M1,False,1.1
AP5B1,False,1.1
AP5S1,False,1.1
AP5Z1,False,1.1
APEH,False,1.1
APEX1,False,1.1
APEX2,False,1.1
API5,False,1.1
APOBR,False,1.1
APPBP2,False,1.1
APPL2,False,1.1
AQP12A,False,1.1
AQP12B,False,1.1
AQP4,False,1.1
AQP6,False,1.1
ARFGEF3,False,1.1
ARG2,False,1.1
AL121899.2,False,1.1
AKNA,False,1.1
ARVCF,False,1.1
ACHE,False,1.1
AC005324.2,False,1.1
AC008397.2,False,1.1
AC011448.1,False,1.1
AC011462.1,False,1.1
AC242842.3,False,1.1
ACADSB,False,1.1
ACAP2,False,1.1
ACAT1,False,1.1
ACD,False,1.1
ACO2,False,1.1
AKAP9,False,1.1
ACOT11,False,1.1
ACOT6,False,1.1
ACP3,False,1.1
ACSF2,False,1.1
ACSF3,False,1.1
ACSM2A,False,1.1
ACSM2B,False,1.1
ACSM4,False,1.1
ACSS2,False,1.1
AC004593.2,False,1.1
ABL2,True,1.1
ABL1,True,1.1
ABHD4,False,1.1
ABCA10,False,1.1
ABCA2,False,1.1
ABCA4,False,1.1
ABCA7,False,1.1
ABCA8,False,1.1
ABCA9,False,1.1
ABCB11,False,1.1
ABCB9,False,1.1
ABCC1,False,1.1
ABCC11,False,1.1
ABCC12,False,1.1
ABCC3,False,1.1
ABCC4,False,1.1
ABCC6,False,1.1
ABCC9,False,1.1
ABCD1,False,1.1
ABCF3,False,1.1
ABCG1,False,1.1
ABHD15,False,1.1
ACTC1,False,1.1
ACTL7B,False,1.1
ACTL8,False,1.1
ADGRE3,False,1.1
ADGRG6,False,1.1
ADGRG7,False,1.1
ADGRL4,False,1.1
ADI1,False,1.1
ADORA2A,False,1.1
ADRA1A,False,1.1
AEBP1,False,1.1
AFDN,False,1.1
AGAP2,False,1.1
AGAP3,False,1.1
AGO1,False,1.1
AGRN,False,1.1
AGTPBP1,False,1.1
AGTR2,False,1.1
AGXT,False,1.1
AK5,False,1.1
AKAP11,False,1.1
AKAP13,False,1.1
AKAP3,False,1.1
ADGRF4,False,1.1
ADGRB1,False,1.1
ACTL9,False,1.1
ADCY8,False,1.1
ACTN3,False,1.1
ACTN4,True,1.1
ACTR10,False,1.1
ACTR5,False,1.1
ACVR1B,True,1.1
ADA,False,1.1
ADAD1,False,1.1
ADAD2,False,1.1
ADAM11,False,1.1
ADAM18,False,1.1
ADAM2,False,1.1
ADAM22,False,1.1
ADAM28,False,1.1
ADAMTS12,False,1.1
ADAMTS18,False,1.1
ADAMTSL5,False,1.1
ADARB2,False,1.1
ADCY10,False,1.1
ADCY5,False,1.1
ART1,False,1.1
ASAP1,False,1.1
CD1E,False,1.1
CAPS2,False,1.1
CALD1,False,1.1
CALML4,False,1.1
CALML5,False,1.1
CALN1,False,1.1
CAMKK1,False,1.1
CAPG,False,1.1
CAPN15,False,1.1
CAPN3,False,1.1
CAPN9,False,1.1
CAPZA1,False,1.1
C19orf57,False,1.1
CARD11,True,1.1
CARD14,False,1.1
CARD16,False,1.1
CARD6,False,1.1
CARMIL2,False,1.1
CARNMT1,False,1.1
CARNS1,False,1.1
CASD1,False,1.1
CASP10,False,1.1
CALCB,False,1.1
CADM4,False,1.1
CAD,False,1.1
CACNG3,False,1.1
C1orf105,False,1.1
C1orf159,False,1.1
C1orf216,False,1.1
C2CD5,False,1.1
C2orf42,False,1.1
C2orf78,False,1.1
C3AR1,False,1.1
C3orf20,False,1.1
C4orf33,False,1.1
C6,False,1.1
C9,False,1.1
C9orf43,False,1.1
CA12,False,1.1
CA2,False,1.1
CABIN1,False,1.1
CACNA1B,False,1.1
CACNA1G,False,1.1
CACNA1S,False,1.1
CACNB1,False,1.1
CATSPER1,False,1.1
CATSPERD,False,1.1
CAVIN1,False,1.1
CCDC85B,False,1.1
CCDC88C,False,1.1
CCDC91,False,1.1
CCDC93,False,1.1
CCL16,False,1.1
CCN1,False,1.1
CCN2,False,1.1
CCNB3,False,1.1
CCND1,True,1.1
CCNE2,False,1.1
CCNH,False,1.1
CCNT1,False,1.1
CCNT2,False,1.1
CCPG1,False,1.1
CCR1,False,1.1
CCR6,False,1.1
CCT4,False,1.1
CCT5,False,1.1
CCT8L2,False,1.1
CD180,False,1.1
CCDC87,False,1.1
CCDC7,False,1.1
CAVIN4,False,1.1
CCDC65,False,1.1
CBLB,False,1.1
CBLIF,False,1.1
CBX4,False,1.1
CCDC116,False,1.1
CCDC122,False,1.1
CCDC127,False,1.1
CCDC134,False,1.1
CCDC158,False,1.1
CCDC17,False,1.1
CCDC18,False,1.1
CCDC185,False,1.1
CCDC186,False,1.1
CCDC190,False,1.1
CCDC27,False,1.1
CCDC28A,False,1.1
CCDC3,False,1.1
CCDC40,False,1.1
CCDC60,False,1.1
CCDC62,False,1.1
C1QTNF9,False,1.1
C19orf44,False,1.1
ASAP2,False,1.1
AVIL,False,1.1
ATP6V0A4,False,1.1
ATP6V1A,False,1.1
ATP6V1B1,False,1.1
ATP6V1B2,False,1.1
ATP7B,False,1.1
ATP8B2,False,1.1
ATP8B4,False,1.1
ATP9A,False,1.1
AUTS2,False,1.1
AXIN1,True,1.1
C14orf177,False,1.1
AZIN2,False,1.1
AZU1,False,1.1
B3GNT2,False,1.1
B3GNT6,False,1.1
B3GNTL1,False,1.1
B4GALNT2,False,1.1
B4GALT3,False,1.1
BAG4,False,1.1
BAG6,False,1.1
ATP6AP1,False,1.1
ATP5MF,False,1.1
ATP5MC3,False,1.1
ATP5F1C,False,1.1
ASIC2,False,1.1
ASPH,False,1.1
ASPRV1,False,1.1
ASXL3,False,1.1
ATG2A,False,1.1
ATG3,False,1.1
ATL2,False,1.1
ATMIN,False,1.1
ATP10A,False,1.1
ATP10B,False,1.1
ATP10D,False,1.1
ATP11A,False,1.1
ATP12A,False,1.1
ATP13A4,False,1.1
ATP1A2,False,1.1
ATP1A3,False,1.1
ATP2A2,False,1.1
ATP2B2,False,1.1
ATP4A,False,1.1
BAIAP2,False,1.1
BAIAP3,False,1.1
BAZ1A,False,1.1
BPI,False,1.1
BPIFC,False,1.1
BRAT1,False,1.1
BRD3,False,1.1
BRD8,False,1.1
BRDT,False,1.1
BRF1,False,1.1
BRINP2,False,1.1
BRINP3,False,1.1
BRIP1,True,1.1
BRWD1,False,1.1
BSN,False,1.1
BTBD8,False,1.1
BTF3L4,False,1.1
BTG4,False,1.1
BTK,True,1.1
BTN1A1,False,1.1
BTNL8,False,1.1
C11orf49,False,1.1
C14orf119,False,1.1
BPIFB3,False,1.1
BOLL,False,1.1
BAZ2B,False,1.1
BNC2,False,1.1
BBOX1,False,1.1
BBS9,False,1.1
BCAS3,False,1.1
BCL2L1,True,1.1
BCL2L12,False,1.1
BCL2L14,False,1.1
BCLAF1,False,1.1
BDH2,False,1.1
BEND4,False,1.1
BEND5,False,1.1
BEX2,False,1.1
BGLAP,False,1.1
BICD1,False,1.1
BIN1,False,1.1
BIRC6,False,1.1
BLK,False,1.1
BLNK,False,1.1
BMP8A,False,1.1
BMPER,False,1.1
F2R,False,1.1
FAF2,False,1.1
FAM120A,False,1.1
LCE2C,False,1.1
LAMA4,False,1.1
LAMB1,False,1.1
LAMB3,False,1.1
LAMC1,False,1.1
LARP1,False,1.1
LASP1,False,1.1
LAYN,False,1.1
LCA5,False,1.1
LCE1B,False,1.1
LCN8,False,1.1
KRBA1,False,1.1
LDHB,False,1.1
LENG8,False,1.1
LETM1,False,1.1
LGALS12,False,1.1
LGMN,False,1.1
LHFPL3,False,1.1
LHPP,False,1.1
LHX1,False,1.1
LHX2,False,1.1
LAMA3,False,1.1
LAMA2,False,1.1
LACTB,False,1.1
L3MBTL3,False,1.1
KREMEN2,False,1.1
KRR1,False,1.1
KRT14,False,1.1
KRT20,False,1.1
KRT222,False,1.1
KRT23,False,1.1
KRT27,False,1.1
KRT73,False,1.1
KRT76,False,1.1
KRT77,False,1.1
KRT83,False,1.1
KRT85,False,1.1
KRTAP10-1,False,1.1
KRTAP10-9,False,1.1
KRTAP13-1,False,1.1
KRTAP5-10,False,1.1
KSR2,False,1.1
KYNU,False,1.1
L3MBTL1,False,1.1
LIFR,False,1.1
LIMCH1,False,1.1
LIMK1,False,1.1
LRRC1,False,1.1
LRRC30,False,1.1
LRRC4,False,1.1
LRRC40,False,1.1
LRRC8B,False,1.1
LRRFIP1,False,1.1
LRRK1,False,1.1
LRRTM1,False,1.1
LRTM2,False,1.1
LTBP1,False,1.1
LTBP2,False,1.1
LTC4S,False,1.1
LTV1,False,1.1
LY9,False,1.1
MACROD1,False,1.1
MAGEA11,False,1.1
MAGEB16,False,1.1
MAGEB2,False,1.1
MAGEC3,False,1.1
MAGEE2,False,1.1
LRRC14B,False,1.1
LRP5,True,1.1
LIPA,False,1.1
LRP12,False,1.1
LIPC,False,1.1
LIPF,False,1.1
LIPJ,False,1.1
LMF2,False,1.1
LMNB1,False,1.1
LMO7,False,1.1
LMTK2,False,1.1
LNPEP,False,1.1
LONP1,False,1.1
LONRF3,False,1.1
LOXL3,False,1.1
LPAR5,False,1.1
LPCAT2,False,1.1
LPL,False,1.1
LRBA,False,1.1
LRFN1,False,1.1
LRG1,False,1.1
LRIG2,False,1.1
LRP1,False,1.1
KRCC1,False,1.1
KRAS,True,1.1
MAGI1,False,1.1
KDM3A,False,1.1
KCNK5,False,1.1
KCNMB3,False,1.1
KCNMB4,False,1.1
KCNN2,False,1.1
KCNT1,False,1.1
KCNU1,False,1.1
KCTD2,False,1.1
KCTD3,False,1.1
KCTD6,False,1.1
KDM3B,False,1.1
KPRP,False,1.1
KDM4A,False,1.1
KDM5B,False,1.1
KDM6A,True,1.1
KDM6B,False,1.1
KEAP1,True,1.1
KEL,True,1.1
KHDC3L,False,1.1
KHDC4,False,1.1
KHK,False,1.1
KCNK3,False,1.1
KCNK17,False,1.1
KCNJ15,False,1.1
KCNH8,False,1.1
JMJD7-PLA2G4B,False,1.1
JOSD1,False,1.1
JPH1,False,1.1
JPH2,False,1.1
KANK2,False,1.1
KANK4,False,1.1
KANSL1L,False,1.1
KAT6A,False,1.1
KATNB1,False,1.1
KATNIP,False,1.1
KBTBD12,False,1.1
KBTBD6,False,1.1
KBTBD7,False,1.1
KBTBD8,False,1.1
KCNA5,False,1.1
KCND1,False,1.1
KCNG4,False,1.1
KCNH5,False,1.1
KCNH7,False,1.1
KHSRP,False,1.1
KIAA0895,False,1.1
KIAA1109,False,1.1
KIRREL1,False,1.1
KLC3,False,1.1
KLHDC3,False,1.1
KLHDC7A,False,1.1
KLHDC7B,False,1.1
KLHL1,False,1.1
KLHL11,False,1.1
KLHL30,False,1.1
KLHL40,False,1.1
KLK11,False,1.1
KLK13,False,1.1
KLK3,False,1.1
KLRC2,False,1.1
KLRG1,False,1.1
KMT2A,True,1.1
KMT2E,False,1.1
KMT5A,False,1.1
KNOP1,False,1.1
KPNA2,False,1.1
KPNB1,False,1.1
KIT,True,1.1
KIR3DL1,False,1.1
KIAA1210,False,1.1
KIF9,False,1.1
KIAA1549L,False,1.1
KIAA1755,False,1.1
KIAA1958,False,1.1
KIAA2026,False,1.1
KIF12,False,1.1
KIF13A,False,1.1
KIF13B,False,1.1
KIF15,False,1.1
KIF17,False,1.1
KIF1C,False,1.1
KIF22,False,1.1
KIF26B,False,1.1
KIF27,False,1.1
KIF2B,False,1.1
KIF3B,False,1.1
KIF4A,False,1.1
KIF5C,False,1.1
KIF6,False,1.1
KIF7,False,1.1
MAGEL2,False,1.1
MAGI3,False,1.1
FAM131B,False,1.1
MYO18A,False,1.1
MYBBP1A,False,1.1
MYCBP2,False,1.1
MYCT1,False,1.1
MYF6,False,1.1
MYH15,False,1.1
MYH4,False,1.1
MYH7B,False,1.1
MYO15A,False,1.1
MYO16,False,1.1
MYO1C,False,1.1
MROH7,False,1.1
MYO1G,False,1.1
MYO3A,False,1.1
MYO5B,False,1.1
MYO6,False,1.1
MYO7A,False,1.1
MYO7B,False,1.1
MYOC,False,1.1
MYOM2,False,1.1
MYOM3,False,1.1
MX1,False,1.1
MVD,False,1.1
MUC7,False,1.1
MUC5B,False,1.1
MRPL44,False,1.1
MRPS34,False,1.1
MS4A14,False,1.1
MS4A2,False,1.1
MSANTD2,False,1.1
MSL2,False,1.1
MSLN,False,1.1
MTERF2,False,1.1
MTF2,False,1.1
MTHFD1L,False,1.1
MTMR14,False,1.1
MTMR3,False,1.1
MTMR7,False,1.1
MTNR1A,False,1.1
MTR,False,1.1
MTREX,False,1.1
MTSS1,False,1.1
MUC2,False,1.1
MUC4,False,1.1
MYPN,False,1.1
MYRIP,False,1.1
N4BP2,False,1.1
NDNF,False,1.1
NDST4,False,1.1
NDUFC2,False,1.1
NDUFV1,False,1.1
NEFM,False,1.1
NEGR1,False,1.1
NEK1,False,1.1
NEK10,False,1.1
NELFB,False,1.1
NEMF,False,1.1
NEUROG2,False,1.1
NEUROG3,False,1.1
NEXN,False,1.1
NFAT5,False,1.1
NFE2L1,False,1.1
NFIB,True,1.1
NGF,False,1.1
NHSL2,False,1.1
NIBAN1,False,1.1
NIBAN2,False,1.1
NDST3,False,1.1
NCOA6,False,1.1
N6AMT1,False,1.1
NCOA5,False,1.1
NAALADL1,False,1.1
NACC2,False,1.1
NADK,False,1.1
NADK2,False,1.1
NAGLU,False,1.1
NAGPA,False,1.1
NAGS,False,1.1
NANOG,False,1.1
NAP1L3,False,1.1
NAPRT,False,1.1
NBEA,False,1.1
NBEAL2,False,1.1
NBR1,False,1.1
NCAM1,False,1.1
NCAN,False,1.1
NCK2,False,1.1
NCKAP5,False,1.1
NCLN,False,1.1
NCOA3,True,1.1
MRPL35,False,1.1
MROH5,False,1.1
MAL,False,1.1
MASP2,False,1.1
MAPKAP1,False,1.1
MARCHF7,False,1.1
MARCHF9,False,1.1
MARK1,False,1.1
MARK2,False,1.1
MARK4,False,1.1
MARS1,False,1.1
MARS2,False,1.1
MAS1L,False,1.1
MAST1,False,1.1
MROH1,False,1.1
MAST2,False,1.1
MAST3,False,1.1
MATR3,False,1.1
MB21D2,False,1.1
MBD3,False,1.1
MBNL3,False,1.1
MBTPS2,False,1.1
MCCC1,False,1.1
MCF2L,False,1.1
MAPK6,False,1.1
MAPK1,True,1.1
MAP7,False,1.1
MAP4K5,False,1.1
MAMDC4,False,1.1
MAML3,False,1.1
MAMLD1,False,1.1
MAMSTR,False,1.1
MAN1A1,False,1.1
MAN1B1,False,1.1
MANEA,False,1.1
MAP1A,False,1.1
MAP1B,False,1.1
MAP1S,False,1.1
MAP2K2,True,1.1
MAP2K4,True,1.1
MAP2K7,False,1.1
MAP3K11,False,1.1
MAP3K19,False,1.1
MAP3K20,False,1.1
MAP3K7,False,1.1
MAP4K2,False,1.1
MAP4K4,False,1.1
MCM10,False,1.1
MCM3,False,1.1
MDC1,False,1.1
MMP10,False,1.1
MMP2,False,1.1
MMP21,False,1.1
MMP24,False,1.1
MMP26,False,1.1
MMP3,False,1.1
MMP9,False,1.1
MMRN1,False,1.1
MMRN2,False,1.1
MNDA,False,1.1
MOGAT3,False,1.1
MORF4L1,False,1.1
MORN4,False,1.1
MOSPD2,False,1.1
MOV10L1,False,1.1
MOXD1,False,1.1
MPHOSPH10,False,1.1
MRGPRX4,False,1.1
MRM2,False,1.1
MRNIP,False,1.1
MMP16,False,1.1
MME,False,1.1
MDGA2,False,1.1
MMD,False,1.1
MDP1,False,1.1
MED12,True,1.1
MED14,False,1.1
MEDAG,False,1.1
MEGF10,False,1.1
MEIG1,False,1.1
MEIS2,False,1.1
MESD,False,1.1
MFHAS1,False,1.1
MFSD13A,False,1.1
MFSD8,False,1.1
MGAM,False,1.1
MICALL1,False,1.1
MICOS13,False,1.1
MID2,False,1.1
MIEF2,False,1.1
MINPP1,False,1.1
MIP,False,1.1
MLLT6,False,1.1
JMJD1C,False,1.1
JCAD,False,1.1
JARID2,False,1.1
GATB,False,1.1
GAPDH,False,1.1
GARNL3,False,1.1
GART,False,1.1
GAS2L1,False,1.1
GAS2L3,False,1.1
GASK1B,False,1.1
GATA2,False,1.1
GATA3,True,1.1
GATA4,True,1.1
GBA,False,1.1
FST,False,1.1
GBA3,False,1.1
GBP2,False,1.1
GBP4,False,1.1
GC,False,1.1
GCLC,False,1.1
GCM2,False,1.1
GCNA,False,1.1
GCOM1,False,1.1
GDAP2,False,1.1
GALNT7,False,1.1
GALNT5,False,1.1
GALNT17,False,1.1
GALNT13,False,1.1
FTCD,False,1.1
FUNDC1,False,1.1
FURIN,False,1.1
FUT1,False,1.1
FUT10,False,1.1
FUZ,False,1.1
FXN,False,1.1
FYB1,False,1.1
FZD3,False,1.1
FZD5,False,1.1
FZD9,False,1.1
GABBR1,False,1.1
GABBR2,False,1.1
GABRA2,False,1.1
GABRA5,False,1.1
GABRB2,False,1.1
GABRD,False,1.1
GADL1,False,1.1
GALNT10,False,1.1
GDF7,False,1.1
GDI1,False,1.1
GDPD4,False,1.1
GMIP,False,1.1
GNAT1,False,1.1
GNAZ,False,1.1
GNB2,False,1.1
GNB5,False,1.1
GNE,False,1.1
GNL3L,False,1.1
GNPTAB,False,1.1
GOLGA3,False,1.1
GOLGA5,False,1.1
GOLGB1,False,1.1
GOLM1,False,1.1
GORASP2,False,1.1
GPAA1,False,1.1
GPC4,False,1.1
GPC5,False,1.1
GPC6,False,1.1
GPD2,False,1.1
GPHA2,False,1.1
GPHB5,False,1.1
GNAS,True,1.1
GLYATL1,False,1.1
GEMIN2,False,1.1
GLUL,False,1.1
GEMIN5,False,1.1
GFI1B,False,1.1
GGA2,False,1.1
GGH,False,1.1
GGN,False,1.1
GHITM,False,1.1
GIMAP8,False,1.1
GIT2,False,1.1
GJA8,False,1.1
GJB1,False,1.1
GK2,False,1.1
GLB1L2,False,1.1
GLCE,False,1.1
GLE1,False,1.1
GLIPR1,False,1.1
GLIS3,False,1.1
GLOD4,False,1.1
GLP1R,False,1.1
GLTPD2,False,1.1
FSTL5,False,1.1
FSIP2,False,1.1
JAK3,True,1.1
FBXO11,False,1.1
FARSA,False,1.1
FARSB,False,1.1
FAS,True,1.1
FASTKD3,False,1.1
FASTKD5,False,1.1
FAT1,True,1.1
FAT3,False,1.1
FBN2,False,1.1
FBXL2,False,1.1
FBXO48,False,1.1
FSCN2,False,1.1
FBXO5,False,1.1
FBXO6,False,1.1
FBXO9,False,1.1
FBXW9,False,1.1
FCER1A,False,1.1
FCGR2B,False,1.1
FCHO1,False,1.1
FCRL1,False,1.1
FCRL2,False,1.1
FANK1,False,1.1
FANCM,False,1.1
FANCI,False,1.1
FANCC,True,1.1
FAM135B,False,1.1
FAM151B,False,1.1
FAM160A2,False,1.1
FAM184A,False,1.1
FAM189B,False,1.1
FAM20A,False,1.1
FAM214B,False,1.1
FAM220A,False,1.1
FAM221A,False,1.1
FAM3D,False,1.1
FAM47C,False,1.1
FAM53A,False,1.1
FAM53B,False,1.1
FAM71B,False,1.1
FAM81B,False,1.1
FAM83B,False,1.1
FAM86B1,False,1.1
FAM90A1,False,1.1
FAM98A,False,1.1
FCRLB,False,1.1
FER,False,1.1
FERMT1,False,1.1
FMNL3,False,1.1
FMOD,False,1.1
FMR1,False,1.1
FN1,False,1.1
FNBP1L,False,1.1
FNDC1,False,1.1
FNDC3A,False,1.1
FNIP1,False,1.1
FOLH1B,False,1.1
FOXA1,False,1.1
FOXH1,False,1.1
FOXN3,False,1.1
FOXRED2,False,1.1
FPGT,False,1.1
FREM1,False,1.1
FRG2B,False,1.1
FRK,False,1.1
FRMD4B,False,1.1
FRMPD3,False,1.1
FRMPD4,False,1.1
FMO2,False,1.1
FLOT2,False,1.1
FGA,False,1.1
FLNB,False,1.1
FGB,False,1.1
FGD1,False,1.1
FGD5,False,1.1
FGF13,False,1.1
FGF17,False,1.1
FGF3,True,1.1
FGFBP1,False,1.1
FGFR1,True,1.1
FGG,False,1.1
FGR,False,1.1
FHDC1,False,1.1
FHOD3,False,1.1
FICD,False,1.1
FKBP4,False,1.1
FKBP6,False,1.1
FLAD1,False,1.1
FLCN,True,1.1
FLG2,False,1.1
FLII,False,1.1
GPR137B,False,1.1
GPR139,False,1.1
GPR143,False,1.1
IKZF1,True,1.1
IGHG3,False,1.1
IGHG4,False,1.1
IGHJ2,False,1.1
IGHV1OR21-1,False,1.1
IGHV3-72,False,1.1
IGKV1-16,False,1.1
IGKV3-15,False,1.1
IGLV1-36,False,1.1
IK,False,1.1
IKZF2,False,1.1
GPR156,False,1.1
IL10RA,False,1.1
IL17A,False,1.1
IL17RA,False,1.1
IL20RA,False,1.1
IL26,False,1.1
IL2RB,False,1.1
IL34,False,1.1
IL36RN,False,1.1
IL4I1,False,1.1
IGF1R,True,1.1
IGF1,False,1.1
IFT172,False,1.1
IFT122,False,1.1
HS3ST3A1,False,1.1
HS3ST3B1,False,1.1
HS3ST5,False,1.1
HS3ST6,False,1.1
HSD11B1,False,1.1
HSD17B1,False,1.1
HSD3B1,True,1.1
HSPA12B,False,1.1
HTR3E,False,1.1
HTR6,False,1.1
HUNK,False,1.1
HYLS1,False,1.1
IARS1,False,1.1
IARS2,False,1.1
ICA1,False,1.1
ICE1,False,1.1
IDUA,False,1.1
IFI35,False,1.1
IFNLR1,False,1.1
IL5RA,False,1.1
IL9R,False,1.1
ILF3,False,1.1
IRF6,False,1.1
IRGC,False,1.1
IRS1,False,1.1
IRS4,False,1.1
ISY1-RAB43,False,1.1
ITGAD,False,1.1
ITGB3,False,1.1
ITGB7,False,1.1
ITGB8,False,1.1
ITIH4,False,1.1
ITPK1,False,1.1
ITPKA,False,1.1
ITPR1,False,1.1
ITPR2,False,1.1
ITPRID1,False,1.1
ITSN2,False,1.1
IVL,False,1.1
JADE1,False,1.1
JAG2,False,1.1
JAK1,True,1.1
IRF8,False,1.1
IRF3,False,1.1
ILVBL,False,1.1
IRAK3,False,1.1
IMPG1,False,1.1
INF2,False,1.1
INHA,False,1.1
INO80,False,1.1
INPP4B,True,1.1
INPPL1,False,1.1
INTS1,False,1.1
INTS3,False,1.1
INTS4,False,1.1
INTS5,False,1.1
INTS9,False,1.1
INTU,False,1.1
INVS,False,1.1
IP6K1,False,1.1
IQCD,False,1.1
IQCE,False,1.1
IQCG,False,1.1
IQGAP3,False,1.1
IRAK2,False,1.1
HS3ST1,False,1.1
HPSE2,False,1.1
HPR,False,1.1
GRM5,False,1.1
GRM7,False,1.1
GRP,False,1.1
GRWD1,False,1.1
GSDMC,False,1.1
GSTA4,False,1.1
GTF3C2,False,1.1
GTPBP8,False,1.1
GTSF1L,False,1.1
GUCA1A,False,1.1
GUCD1,False,1.1
GUCY2C,False,1.1
GUSB,False,1.1
GXYLT1,False,1.1
GYPC,False,1.1
GZF1,False,1.1
GZMB,False,1.1
H1-2,False,1.1
H1-8,False,1.1
H2AC11,False,1.1
GRM6,False,1.1
GRM3,True,1.1
H3C3,False,1.1
GRM1,False,1.1
GPR19,False,1.1
GPR32,False,1.1
GPR34,False,1.1
GPR37,False,1.1
GPR45,False,1.1
GPR63,False,1.1
GPRC5B,False,1.1
GPRIN3,False,1.1
GPSM1,False,1.1
GPSM2,False,1.1
GPX5,False,1.1
GRAMD1A,False,1.1
GRAP2,False,1.1
GREB1,False,1.1
GRIA4,False,1.1
GRID2,False,1.1
GRIK3,False,1.1
GRIN2D,False,1.1
GRIPAP1,False,1.1
H2AX,False,1.1
H4C3,False,1.1
HPN,False,1.1
HIP1R,False,1.1
HIVEP2,False,1.1
HIVEP3,False,1.1
HLTF,False,1.1
HM13,False,1.1
HMBOX1,False,1.1
HMBS,False,1.1
HMCN1,False,1.1
HMGCS1,False,1.1
HMGXB4,False,1.1
HNF1A,True,1.1
HNRNPA3,False,1.1
HNRNPH1,False,1.1
HNRNPUL2,False,1.1
HOOK1,False,1.1
HOXA4,False,1.1
HOXC13,False,1.1
HOXC5,False,1.1
HOXD4,False,1.1
HP,False,1.1
HIPK1,False,1.1
HINT2,False,1.1
H4C6,False,1.1
HID1,False,1.1
HAS1,False,1.1
HAS2,False,1.1
HCCS,False,1.1
HCN4,False,1.1
HDAC3,False,1.1
HDAC4,False,1.1
HDGFL1,False,1.1
HDGFL2,False,1.1
HEATR5B,False,1.1
HEATR6,False,1.1
HEBP1,False,1.1
HEBP2,False,1.1
HECTD2,False,1.1
HECTD4,False,1.1
HELQ,False,1.1
HEPH,False,1.1
HERC2P3,False,1.1
HERPUD1,False,1.1
HGF,True,1.1
MELTF,False,1.1
